-- phpMyAdmin SQL Dump
-- version 5.2.1
-- https://www.phpmyadmin.net/
--
-- Gép: 127.0.0.1
-- Létrehozás ideje: 2025. Már 17. 12:49
-- Kiszolgáló verziója: 10.4.32-MariaDB
-- PHP verzió: 8.2.12

SET SQL_MODE = "NO_AUTO_VALUE_ON_ZERO";
START TRANSACTION;
SET time_zone = "+00:00";


/*!40101 SET @OLD_CHARACTER_SET_CLIENT=@@CHARACTER_SET_CLIENT */;
/*!40101 SET @OLD_CHARACTER_SET_RESULTS=@@CHARACTER_SET_RESULTS */;
/*!40101 SET @OLD_COLLATION_CONNECTION=@@COLLATION_CONNECTION */;
/*!40101 SET NAMES utf8mb4 */;

--
-- Adatbázis: `foldgaz`
--

-- --------------------------------------------------------

--
-- Tábla szerkezet ehhez a táblához `dolgozok`
--

CREATE TABLE `dolgozok` (
  `dolgozo_id` varchar(3) NOT NULL,
  `nev` varchar(14) DEFAULT NULL,
  `szul_ev` int(4) DEFAULT NULL
) ENGINE=InnoDB DEFAULT CHARSET=utf8 COLLATE=utf8_general_ci;

--
-- A tábla adatainak kiíratása `dolgozok`
--

INSERT INTO `dolgozok` (`dolgozo_id`, `nev`, `szul_ev`) VALUES
('D11', 'Gáz Géza', 1977),
('D12', 'Aladin Albert', 1962),
('D13', 'Ritka Réka', 1957),
('D14', 'Hirtelen Helén', 1963),
('D15', 'Nemes Noémi', 1971),
('D16', 'Csele Csilla', 1984),
('D17', 'Dob Dániel', 1991);

-- --------------------------------------------------------

--
-- Tábla szerkezet ehhez a táblához `leolvasasok`
--

CREATE TABLE `leolvasasok` (
  `id` int(11) NOT NULL,
  `merohely_id` varchar(5) DEFAULT NULL,
  `datum` date DEFAULT NULL,
  `gazora_szama` varchar(7) DEFAULT NULL,
  `gazora_allas` int(4) DEFAULT NULL,
  `leolvasas_jellege` int(1) DEFAULT NULL,
  `leolvasas_forrasa` varchar(7) DEFAULT NULL
) ENGINE=InnoDB DEFAULT CHARSET=utf8 COLLATE=utf8_general_ci;

--
-- A tábla adatainak kiíratása `leolvasasok`
--

INSERT INTO `leolvasasok` (`id`, `merohely_id`, `datum`, `gazora_szama`, `gazora_allas`, `leolvasas_jellege`, `leolvasas_forrasa`) VALUES
(1, 'M2001', '2015-01-14', 'G120011', 2, 1, 'D12'),
(2, 'M2001', '2015-02-13', 'G120011', 91, 2, 'ügyfél'),
(3, 'M2001', '2015-03-15', 'G120011', 183, 2, 'ügyfél'),
(4, 'M2002', '2015-03-24', 'G12063', 0, 1, 'D11'),
(5, 'M2002', '2015-04-10', 'G12063', 101, 2, 'D17'),
(6, 'M2001', '2015-04-14', 'G120011', 279, 2, 'ügyfél'),
(7, 'M2002', '2015-05-11', 'G12063', 197, 2, 'ügyfél'),
(8, 'M2001', '2015-05-14', 'G120011', 300, 2, 'ügyfél'),
(9, 'M2002', '2015-06-11', 'G12063', 301, 2, 'ügyfél'),
(10, 'M2001', '2015-06-13', 'G120011', 351, 2, 'ügyfél'),
(11, 'M2002', '2015-07-12', 'G12063', 399, 2, 'ügyfél'),
(12, 'M2001', '2015-07-13', 'G120011', 421, 2, 'D15'),
(13, 'M2001', '2015-08-12', 'G120011', 421, 2, 'ügyfél'),
(14, 'M2002', '2015-08-12', 'G12063', 501, 2, 'ügyfél'),
(15, 'M2001', '2015-09-11', 'G120011', 489, 2, 'ügyfél'),
(16, 'M2002', '2015-09-12', 'G12063', 603, 2, 'becslés'),
(17, 'M2001', '2015-10-11', 'G120011', 500, 2, 'ügyfél'),
(18, 'M2002', '2015-10-13', 'G12063', 700, 2, 'ügyfél'),
(19, 'M2001', '2015-11-10', 'G120011', 555, 2, 'ügyfél'),
(20, 'M2002', '2015-11-13', 'G12063', 808, 0, 'D11'),
(21, 'M2002', '2015-11-13', 'G113600', 0, 1, 'D11'),
(22, 'M2004', '2015-11-23', 'G21902', 0, 1, 'D11'),
(23, 'M2003', '2015-11-25', 'G21313', 13, 1, 'D11'),
(24, 'M2001', '2015-12-10', 'G120011', 630, 2, 'ügyfél'),
(25, 'M2003', '2015-12-12', 'G21313', 83, 2, 'D15'),
(26, 'M2002', '2015-12-14', 'G113600', 80, 2, 'becslés'),
(27, 'M2004', '2015-12-14', 'G21902', 85, 2, 'D14'),
(28, 'M2003', '2016-01-11', 'G21313', 161, 2, 'D15'),
(29, 'M2001', '2016-01-12', 'G120011', 718, 0, 'D12'),
(30, 'M2001', '2016-01-12', 'G011222', 3, 1, 'D12'),
(31, 'M2003', '2016-01-13', 'G21313', 213, 0, 'D12'),
(32, 'M2003', '2016-01-13', 'G21202', 2, 1, 'D12'),
(33, 'M2004', '2016-01-13', 'G21902', 163, 2, 'D17'),
(34, 'M2002', '2016-01-14', 'G113600', 160, 2, 'becslés'),
(35, 'M2003', '2016-02-10', 'G21202', 87, 2, 'D15'),
(36, 'M2001', '2016-02-11', 'G011222', 63, 2, 'becslés'),
(37, 'M2004', '2016-02-12', 'G21902', 255, 2, 'D14'),
(38, 'M2002', '2016-02-14', 'G113600', 240, 2, 'becslés'),
(39, 'M2005', '2016-02-14', 'G21987', 3, 1, 'D12'),
(40, 'M2003', '2016-03-11', 'G21202', 176, 2, 'D15'),
(41, 'M2001', '2016-03-12', 'G011222', 123, 2, 'becslés'),
(42, 'M2004', '2016-03-13', 'G21902', 332, 2, 'D14'),
(43, 'M2002', '2016-03-15', 'G113600', 320, 2, 'becslés'),
(44, 'M2005', '2016-03-15', 'G21987', 101, 2, 'D17'),
(45, 'M2006', '2016-04-09', 'G22002', 0, 1, 'D11'),
(46, 'M2003', '2016-04-10', 'G21202', 251, 2, 'D15'),
(47, 'M2001', '2016-04-11', 'G011222', 183, 2, 'becslés'),
(48, 'M2004', '2016-04-12', 'G21902', 408, 2, 'D14'),
(49, 'M2002', '2016-04-14', 'G113600', 400, 2, 'becslés'),
(50, 'M2005', '2016-04-14', 'G21987', 193, 2, 'D17'),
(51, 'M2001', '2016-05-11', 'G011222', 243, 2, 'becslés'),
(52, 'M2003', '2016-05-11', 'G21202', 303, 2, 'D15'),
(53, 'M2006', '2016-05-11', 'G22002', 69, 2, 'ügyfél'),
(54, 'M2004', '2016-05-12', 'G21902', 471, 2, 'D14'),
(55, 'M2002', '2016-05-14', 'G113600', 480, 2, 'becslés'),
(56, 'M2005', '2016-05-14', 'G21987', 288, 2, 'D17'),
(57, 'M2007', '2016-05-15', 'G23022', 0, 1, 'D11'),
(58, 'M2001', '2016-06-10', 'G011222', 303, 2, 'becslés'),
(59, 'M2007', '2016-06-10', 'G23022', 1, 2, 'ügyfél'),
(60, 'M2003', '2016-06-11', 'G21202', 342, 2, 'D15'),
(61, 'M2004', '2016-06-11', 'G21902', 524, 2, 'D14'),
(62, 'M2006', '2016-06-12', 'G22002', 132, 2, 'D17'),
(63, 'M2008', '2016-06-12', 'G23104', 0, 1, 'D12'),
(64, 'M2002', '2016-06-13', 'G113600', 560, 2, 'becslés'),
(65, 'M2005', '2016-06-13', 'G21987', 340, 2, 'D17'),
(66, 'M2007', '2016-07-10', 'G23022', 1, 2, 'ügyfél'),
(67, 'M2004', '2016-07-11', 'G21902', 569, 2, 'D14'),
(68, 'M2003', '2016-07-12', 'G21202', 413, 2, 'D15'),
(69, 'M2001', '2016-07-13', 'G011222', 363, 2, 'becslés'),
(70, 'M2002', '2016-07-13', 'G113600', 640, 2, 'becslés'),
(71, 'M2005', '2016-07-13', 'G21987', 413, 2, 'D17'),
(72, 'M2008', '2016-07-13', 'G23104', 1, 2, 'D17'),
(73, 'M2006', '2016-07-14', 'G22002', 164, 2, 'ügyfél'),
(74, 'M2004', '2016-08-10', 'G21902', 613, 2, 'D14'),
(75, 'M2001', '2016-08-12', 'G011222', 423, 2, 'becslés'),
(76, 'M2002', '2016-08-12', 'G113600', 720, 2, 'becslés'),
(77, 'M2003', '2016-08-12', 'G21202', 413, 2, 'D15'),
(78, 'M2005', '2016-08-12', 'G21987', 470, 2, 'D17'),
(79, 'M2009', '2016-08-12', 'G23202', 1, 1, 'D11'),
(80, 'M2008', '2016-08-14', 'G23104', 1, 2, 'D17'),
(81, 'M2006', '2016-08-15', 'G22002', 192, 2, 'ügyfél'),
(82, 'M2007', '2016-08-15', 'G23022', 1, 2, 'ügyfél'),
(83, 'M2010', '2016-08-31', 'G23313', 0, 1, 'D12'),
(84, 'M2007', '2016-09-10', 'G23022', 1, 2, 'ügyfél'),
(85, 'M2001', '2016-09-11', 'G011222', 483, 2, 'becslés'),
(86, 'M2002', '2016-09-11', 'G113600', 800, 2, 'becslés'),
(87, 'M2004', '2016-09-11', 'G21902', 681, 2, 'D14'),
(88, 'M2005', '2016-09-11', 'G21987', 512, 2, 'D17'),
(89, 'M2010', '2016-09-11', 'G23313', 23, 2, 'ügyfél'),
(90, 'M2003', '2016-09-12', 'G21202', 456, 2, 'D15'),
(91, 'M2009', '2016-09-13', 'G23202', 51, 2, 'D15'),
(92, 'M2006', '2016-09-14', 'G22002', 213, 2, 'ügyfél'),
(93, 'M2008', '2016-09-15', 'G23104', 1, 2, 'D17'),
(94, 'M2011', '2016-09-29', 'G23402', 0, 1, 'D12'),
(95, 'M2012', '2016-09-29', 'G23413', 13, 1, 'D11'),
(96, 'M2009', '2016-10-10', 'G23202', 143, 2, 'D17'),
(97, 'M2011', '2016-10-10', 'G23402', 16, 2, 'ügyfél'),
(98, 'M2001', '2016-10-11', 'G011222', 543, 2, 'becslés'),
(99, 'M2002', '2016-10-11', 'G113600', 880, 2, 'becslés'),
(100, 'M2005', '2016-10-11', 'G21987', 601, 2, 'D17'),
(101, 'M2008', '2016-10-11', 'G23104', 64, 2, 'D17'),
(102, 'M2010', '2016-10-11', 'G23313', 65, 2, 'D14'),
(103, 'M2007', '2016-10-12', 'G23022', 1, 2, 'ügyfél'),
(104, 'M2003', '2016-10-13', 'G21202', 512, 2, 'D15'),
(105, 'M2004', '2016-10-13', 'G21902', 777, 2, 'D14'),
(106, 'M2012', '2016-10-13', 'G23413', 63, 2, 'D14'),
(107, 'M2006', '2016-10-14', 'G22002', 267, 2, 'ügyfél'),
(108, 'M2013', '2016-10-29', 'G23416', 1, 1, 'D11'),
(109, 'M2001', '2016-11-10', 'G011222', 603, 2, 'becslés'),
(110, 'M2002', '2016-11-10', 'G113600', 921, 2, 'D11'),
(111, 'M2004', '2016-11-10', 'G21902', 871, 2, 'D14'),
(112, 'M2005', '2016-11-10', 'G21987', 709, 2, 'D17'),
(113, 'M2008', '2016-11-10', 'G23104', 133, 2, 'D17'),
(114, 'M2013', '2016-11-10', 'G23416', 73, 2, 'D15'),
(115, 'M2018', '2016-11-10', 'G23431', 0, 1, 'D12'),
(116, 'M2007', '2016-11-11', 'G23022', 71, 2, 'ügyfél'),
(117, 'M2011', '2016-11-11', 'G23402', 79, 2, 'ügyfél'),
(118, 'M2003', '2016-11-13', 'G21202', 603, 2, 'D15'),
(119, 'M2006', '2016-11-13', 'G22002', 358, 2, 'ügyfél'),
(120, 'M2012', '2016-11-14', 'G23413', 139, 2, 'D14'),
(121, 'M2009', '2016-11-15', 'G23202', 261, 2, 'D15'),
(122, 'M2010', '2016-11-15', 'G23313', 113, 0, 'D12'),
(123, 'M2001', '2016-12-10', 'G011222', 630, 2, 'D15'),
(124, 'M2002', '2016-12-10', 'G113600', 1001, 2, 'becslés'),
(125, 'M2005', '2016-12-10', 'G21987', 815, 2, 'D17'),
(126, 'M2008', '2016-12-11', 'G23104', 212, 2, 'D17'),
(127, 'M2013', '2016-12-11', 'G23416', 151, 2, 'D15'),
(128, 'M2004', '2016-12-12', 'G21902', 987, 2, 'D14'),
(129, 'M2009', '2016-12-12', 'G23202', 303, 2, 'D15'),
(130, 'M2011', '2016-12-12', 'G23402', 156, 2, 'D17'),
(131, 'M2018', '2016-12-12', 'G23431', 69, 2, 'D17'),
(132, 'M2006', '2016-12-13', 'G22002', 449, 2, 'D17'),
(133, 'M2003', '2016-12-14', 'G21202', 698, 2, 'D15'),
(134, 'M2007', '2016-12-14', 'G23022', 144, 2, 'D14'),
(135, 'M2015', '2016-12-14', 'G23429', 0, 1, 'D12'),
(136, 'M2020', '2016-12-14', 'G23456', 3, 1, 'D12'),
(137, 'M2012', '2016-12-15', 'G23413', 220, 0, 'D12'),
(138, 'M2019', '2016-12-15', 'G23445', 0, 1, 'D11');

-- --------------------------------------------------------

--
-- Tábla szerkezet ehhez a táblához `merohelyek`
--

CREATE TABLE `merohelyek` (
  `ugyfel_id` varchar(4) DEFAULT NULL,
  `merohely_id` varchar(5) NOT NULL,
  `merohely_cim` varchar(37) DEFAULT NULL,
  `szerzodes` varchar(10) DEFAULT NULL
) ENGINE=InnoDB DEFAULT CHARSET=utf8 COLLATE=utf8_general_ci;

--
-- A tábla adatainak kiíratása `merohelyek`
--

INSERT INTO `merohelyek` (`ugyfel_id`, `merohely_id`, `merohely_cim`, `szerzodes`) VALUES
('U001', 'M2001', '1181 Budapest  Baross u. 112', '2015.01.12'),
('U002', 'M2002', '1182 Budapest  Üllői út 234', '2015.03.22'),
('U003', 'M2003', '1181 Budapest Dobozi u. 23', '2015.11.21'),
('U004', 'M2004', '1202 Budapest Fő u. 2', '2015.11.22'),
('U005', 'M2005', '1182 Budapest Csörötnek u. 101', '2016.02.14'),
('U004', 'M2006', '1182 Budapest Kis u. 1', '2016.04.05'),
('U006', 'M2007', '1201 Budapest Erzsébet tér 2. fszt 3.', '2016.05.11'),
('U007', 'M2008', '1182 Budapest Dolgozó út 2. I em. 4.', '2016.06.11'),
('U008', 'M2009', '1181 Budapest Szélmalom u. 123/a', '2016.07.28'),
('U009', 'M2010', '1201 Budapest Nagy tér 11', '2016.08.21'),
('U007', 'M2011', '1182 Budapest Üllői út 232', '2016.09.15'),
('U011', 'M2012', '1201 Budapest Alma u. 1', '2016.09.29'),
('U012', 'M2013', '1181 Budapest  Kossuth u. 34', '2016.10.28'),
('U013', 'M2014', '1182 Budapest Dolgozó út 2. I em. 1.', '2016.12.07'),
('U014', 'M2015', '1201 Budapest Erzsébet tér 2. fszt 1.', '2016.12.08'),
('U015', 'M2016', '1181 Budapest Kossuth tér 5', '2016.12.09'),
('U016', 'M2017', '1201 Budapest Nap u. 2', '2016.12.09'),
('U017', 'M2018', '1182 Budapest Üllői út 233', '2016.11.10'),
('U018', 'M2019', '1181 Budapest Baross u. 63', '2016.12.11'),
('U019', 'M2020', '1201 Budapest Erzsébet tér 2. fszt 2.', '2016.12.12');

-- --------------------------------------------------------

--
-- Tábla szerkezet ehhez a táblához `ugyfelek`
--

CREATE TABLE `ugyfelek` (
  `ugyfel_id` varchar(4) NOT NULL,
  `nev` varchar(16) DEFAULT NULL,
  `cím` varchar(37) DEFAULT NULL
) ENGINE=InnoDB DEFAULT CHARSET=utf8 COLLATE=utf8_general_ci;

--
-- A tábla adatainak kiíratása `ugyfelek`
--

INSERT INTO `ugyfelek` (`ugyfel_id`, `nev`, `cím`) VALUES
('U001', 'Czingár Béla', '1181 Budapest  Baross u. 112'),
('U002', 'Balogh Zoltán', '1182 Budapest  Üllői út 234'),
('U003', 'Borsó Bálint', '1181 Budapest Dobozi u. 23'),
('U004', 'Kétházi Károly', '1202 Budapest Fő u. 2'),
('U005', 'Kis Lajos', '2360 Gyál Piac tér 1'),
('U006', 'Kiss Lajos', '2220 Vecsés Káposzta u. 1'),
('U007', 'Dupla Dezső', '2040 Budaörs Őv u. 2'),
('U008', 'Kocsis Mária', '2220 Vecsés Káposzta u. 3'),
('U009', 'Kovács István', '2360 Gyál Jókai u. 3'),
('U011', 'Lakatos Ede', '1201 Budapest Alma u. 1'),
('U012', 'Nagy Éva', '1181 Budapest  Kossuth u. 34'),
('U013', 'Varga Zoltán', '1182 Budapest Dolgozó út 2. I em. 1.'),
('U014', 'Kis Lajos', '1201 Budapest Erzsébet tér 2. fszt 1.'),
('U015', 'Borsós Zoltán', '1181 Budapest Kossuth tér 5'),
('U016', 'Karácsony Zoltán', '1201 Budapest Nap u. 2'),
('U017', 'Balogh Zoltán', '1182 Budapest Üllői út 233'),
('U018', 'Kis Vilmos', '1181 Budapest Baross u. 63'),
('U019', 'Kis Lajos', '1201 Budapest Erzsébet tér 2. fszt 2.');

--
-- Indexek a kiírt táblákhoz
--

--
-- A tábla indexei `dolgozok`
--
ALTER TABLE `dolgozok`
  ADD PRIMARY KEY (`dolgozo_id`);

--
-- A tábla indexei `leolvasasok`
--
ALTER TABLE `leolvasasok`
  ADD PRIMARY KEY (`id`);

--
-- A tábla indexei `merohelyek`
--
ALTER TABLE `merohelyek`
  ADD PRIMARY KEY (`merohely_id`),
  ADD KEY `ugyfel_id` (`ugyfel_id`);

--
-- A tábla indexei `ugyfelek`
--
ALTER TABLE `ugyfelek`
  ADD PRIMARY KEY (`ugyfel_id`);

--
-- A kiírt táblák AUTO_INCREMENT értéke
--

--
-- AUTO_INCREMENT a táblához `leolvasasok`
--
ALTER TABLE `leolvasasok`
  MODIFY `id` int(11) NOT NULL AUTO_INCREMENT, AUTO_INCREMENT=139;
COMMIT;

/*!40101 SET CHARACTER_SET_CLIENT=@OLD_CHARACTER_SET_CLIENT */;
/*!40101 SET CHARACTER_SET_RESULTS=@OLD_CHARACTER_SET_RESULTS */;
/*!40101 SET COLLATION_CONNECTION=@OLD_COLLATION_CONNECTION */;
