dal_azon;hangszer_azon
1;30
2;30
3;30
4;29
5;30
6;30
7;30
8;30
9;29
10;29
11;29
12;30
13;30
14;30
15;30
16;30
17;30
18;30
19;29
20;30
21;30
22;30
23;30
24;30
25;30
26;26
27;30
28;30
29;30
30;30
31;30
32;30
33;30
34;30
35;29
36;19
37;29
38;29
39;30
40;30
41;30
42;30
43;29
44;30
45;30
46;30
47;30
48;30
49;30
50;30
51;30
52;30
53;29
54;30
55;29
56;30
57;30
58;30
59;30
60;30
61;30
62;30
63;30
64;29
65;30
66;30
67;30
68;30
69;30
70;30
71;30
72;30
73;30
74;30
75;30
76;30
77;30
78;30
79;30
80;30
81;30
82;30
83;30
84;30
85;30
86;30
87;30
88;30
89;30
90;30
91;30
92;30
93;30
94;30
95;30
96;30
97;30
98;30
99;30
100;30
101;30
102;30
103;30
104;30
105;30
106;30
107;30
108;30
109;30
110;30
111;30
112;30
113;30
114;30
115;29
116;30
117;30
118;29
119;29
120;30
121;30
122;19
123;29
124;29
125;30
126;30
127;30
128;30
129;30
130;30
131;19
132;30
133;30
134;30
135;30
136;30
137;30
138;30
139;30
140;30
141;30
142;29
143;29
144;29
145;29
146;30
147;30
148;30
149;30
150;30
151;30
152;30
153;30
154;30
155;30
156;30
157;30
158;30
159;30
160;20
161;19
162;30
163;29
164;29
165;30
166;29
167;30
168;30
169;29
170;24
171;25
172;30
173;29
174;29
175;29
176;30
177;29
178;29
179;29
180;30
181;29
182;29
183;30
184;30
185;29
186;29
187;30
188;29
189;29
190;30
191;29
192;30
193;30
194;30
195;30
196;30
197;30
198;30
199;20
200;21
201;30
202;24
203;29
204;29
205;29
206;30
207;30
208;30
209;30
210;30
211;30
212;30
213;30
214;30
215;30
216;29
217;30
218;19
219;30
220;30
221;30
222;30
223;30
224;30
225;29
226;29
227;30
228;32
229;30
230;30
231;29
232;29
233;29
234;29
235;11
236;30
237;30
238;30
239;30
240;30
241;29
242;30
243;30
244;30
245;30
246;30
247;29
248;30
249;29
250;29
251;29
252;29
253;29
254;29
255;30
256;30
257;30
258;29
259;30
260;30
261;19
262;29
263;30
264;29
265;29
266;30
267;29
268;29
269;29
270;29
271;30
272;19
273;22
274;30
275;29
276;30
277;24
278;30
279;29
280;30
281;30
282;30
283;30
284;30
285;30
286;30
287;30
288;29
289;30
290;30
291;30
292;30
293;30
294;24
295;30
296;30
297;30
298;30
299;30
300;30
301;30
302;30
303;30
304;30
305;30
306;19
307;29
308;30
309;30
310;30
311;30
312;24
313;30
314;30
315;30
316;30
317;30
318;30
319;30
320;30
321;30
322;30
323;30
324;30
325;30
326;30
327;30
328;30
329;19
330;30
331;30
332;30
333;30
334;30
335;30
336;30
337;30
338;30
339;30
340;30
341;30
342;30
343;30
344;32
345;30
346;30
347;30
348;30
349;30
350;30
351;30
352;30
353;30
354;30
355;30
356;30
357;30
358;30
359;30
360;30
361;30
362;30
363;30
364;30
365;30
366;19
367;30
368;30
369;30
370;30
371;30
372;30
373;30
374;30
375;29
376;30
377;30
378;30
379;30
380;30
381;30
382;30
383;30
384;30
385;30
386;30
387;30
388;30
389;30
390;30
391;30
392;19
393;30
394;30
395;30
396;19
397;29
398;19
399;30
400;30
401;29
402;29
403;32
404;29
405;30
406;24
407;29
408;29
409;29
410;30
411;30
412;30
413;30
414;30
415;30
416;30
417;30
418;30
419;30
420;30
421;30
422;30
423;30
424;30
425;29
426;30
427;29
428;30
429;30
430;30
431;30
432;30
433;30
434;30
435;30
436;30
437;29
438;30
439;29
440;29
441;29
442;24
443;16
444;30
445;30
446;30
447;30
448;30
449;30
450;30
451;30
452;19
453;24
454;30
455;30
456;30
457;30
458;29
459;30
460;30
461;22
462;30
463;30
464;30
465;30
466;30
467;30
468;29
469;29
470;30
471;30
472;30
473;30
474;30
475;30
476;30
477;30
478;30
479;30
480;30
481;30
482;30
483;30
484;30
485;30
486;29
487;29
488;29
489;29
490;30
491;29
492;29
493;29
494;30
495;30
496;30
497;30
498;30
499;30
500;30
501;30
502;30
503;30
504;30
505;30
506;30
507;30
508;30
509;29
510;25
511;29
512;30
513;30
514;30
515;30
516;30
517;30
518;30
519;30
520;30
521;30
522;30
523;30
524;30
525;30
526;30
527;30
528;30
529;30
530;30
531;30
532;29
533;30
534;30
535;30
536;30
537;29
538;30
539;30
540;30
541;30
542;30
543;30
544;30
545;29
546;30
547;29
548;24
549;29
550;30
551;30
552;30
553;30
554;30
555;30
556;30
557;30
558;29
559;29
560;19
561;30
562;29
563;32
564;30
565;29
566;29
567;30
568;30
569;30
570;30
571;30
572;30
573;30
574;30
575;30
576;30
577;30
578;30
579;30
580;30
581;30
582;30
583;29
584;30
585;30
586;30
587;30
588;30
589;29
590;25
591;30
592;29
593;30
594;19
595;30
596;30
597;30
598;30
599;29
600;29
601;29
602;29
603;30
604;29
605;29
606;30
607;30
608;30
609;30
610;29
611;29
612;30
613;26
614;30
615;30
616;29
617;30
618;30
619;30
620;30
621;30
622;29
623;30
624;30
625;30
626;30
627;30
628;29
629;30
630;29
631;30
632;30
633;30
634;30
635;30
636;30
637;30
638;25
639;32
640;25
641;30
642;30
643;30
644;30
645;30
646;30
647;30
648;30
649;30
650;30
651;29
652;30
653;29
654;30
655;30
656;30
657;30
658;30
659;30
660;29
661;30
662;30
663;30
664;30
665;30
666;30
667;30
668;30
669;30
670;30
671;30
672;30
673;29
674;29
675;19
676;25
677;25
678;25
679;25
680;29
681;30
682;30
683;19
684;29
685;29
686;30
687;30
688;30
689;29
690;24
691;24
692;30
693;29
694;29
695;30
696;30
697;27
698;30
699;30
700;29
701;30
702;30
703;30
704;30
705;30
706;30
707;30
708;30
709;30
710;30
711;30
712;19
713;30
714;30
715;30
716;30
717;30
718;30
719;30
720;30
721;19
722;30
723;30
724;30
725;30
726;29
727;30
728;30
729;30
730;30
731;30
732;30
733;30
734;25
735;30
736;30
737;21
738;30
739;30
740;30
741;30
742;30
743;29
744;30
745;30
746;30
747;30
748;30
749;30
750;30
751;30
752;30
753;30
754;29
755;29
756;30
757;30
758;30
759;30
760;30
761;30
762;30
763;30
764;30
765;30
766;30
767;30
768;29
769;30
770;30
771;30
772;30
773;30
774;30
775;30
776;30
777;30
778;20
779;30
780;30
781;30
782;30
783;30
784;30
785;30
786;30
787;30
788;30
789;30
790;19
791;30
792;30
793;30
794;30
795;30
796;29
797;30
798;29
799;29
800;29
801;30
802;29
803;29
804;29
805;29
806;29
807;30
808;30
809;30
810;30
811;30
812;24
813;30
814;30
815;30
816;30
817;30
818;30
819;30
820;30
821;30
822;30
823;30
824;29
825;30
826;30
827;30
828;29
829;30
830;29
831;30
832;19
833;30
834;30
835;30
836;24
837;30
838;30
839;30
840;30
841;29
842;30
843;30
844;30
845;29
846;29
847;30
848;30
849;30
850;30
851;30
852;30
853;30
854;30
855;30
856;30
857;30
858;30
859;30
860;30
861;30
862;30
863;30
864;30
865;30
866;30
867;30
868;29
869;30
870;30
871;30
872;30
873;29
874;30
875;30
876;30
877;30
878;30
879;30
880;30
881;30
882;30
883;30
884;30
885;30
886;30
887;19
888;30
889;30
890;30
891;30
892;30
893;30
894;30
895;30
896;30
897;30
898;30
899;30
900;14
901;30
902;30
903;30
904;30
905;30
906;30
907;30
908;30
909;30
910;30
911;30
912;30
913;30
914;30
915;30
916;30
917;30
918;30
919;30
920;30
921;30
922;30
923;30
924;29
925;29
926;19
927;29
928;30
929;30
930;30
931;30
932;29
933;30
934;30
935;30
936;30
937;30
938;30
939;29
940;29
941;29
942;30
943;30
944;30
945;30
946;30
947;30
948;30
949;30
950;30
951;30
952;30
953;32
954;29
955;29
956;29
957;29
958;29
959;29
960;30
961;11
962;30
963;30
964;30
965;30
966;30
967;30
968;29
969;29
970;29
971;29
972;30
973;32
974;29
975;30
976;30
977;30
978;30
979;30
980;30
981;30
982;30
983;30
984;24
985;29
986;19
987;16
988;29
989;29
990;30
991;30
992;29
993;30
994;30
995;30
996;30
997;30
998;30
999;30
1000;30
1001;30
1002;29
1003;21
1004;30
1005;30
1006;30
1007;29
1008;29
1009;32
1010;30
1011;30
1012;30
1013;30
1014;11
1015;29
1016;29
1017;30
1018;30
1019;30
1020;30
1021;30
1022;30
1023;30
1024;19
1025;29
1026;30
1027;30
1028;30
1029;30
1030;30
1031;30
1032;30
1033;30
1034;29
1035;30
1036;30
1037;30
1038;29
1039;29
1040;19
1041;30
1042;30
1043;30
1044;30
1045;30
1046;30
1047;29
1048;29
1049;29
1050;29
1051;30
1052;29
1053;32
1054;29
1055;30
1056;30
1057;29
1058;30
1059;30
1060;30
1061;29
1062;30
1063;30
1064;29
1065;30
1066;30
1067;30
1068;30
1069;30
1070;30
1071;30
1072;30
1073;30
1074;30
1075;30
1076;29
1077;30
1078;30
1079;30
1080;30
1081;30
1082;30
1083;30
1084;30
1085;30
1086;30
1087;30
1088;30
1089;30
1090;30
1091;30
1092;30
1093;30
1094;30
1095;30
1096;30
1097;30
1098;30
1099;30
1100;32
1101;30
1102;30
1103;30
1104;30
1105;30
1106;30
1107;30
1108;30
1109;30
1110;19
1111;29
1112;19
1113;29
1114;29
1115;29
1116;30
1117;19
1118;29
1119;21
1120;30
1121;30
1122;30
1123;19
1124;31
1125;30
1126;30
1127;30
1128;30
1129;30
1130;24
1131;30
1132;32
1133;30
1134;30
1135;29
1136;29
1137;29
1138;30
1139;30
1140;30
1141;30
1142;30
1143;29
1144;29
1145;29
1146;24
1147;14
1148;29
1149;29
1150;30
1151;30
1152;25
1153;30
1154;30
1155;30
1156;15
1157;29
1158;15
1159;30
1160;30
1161;30
1162;30
1163;19
1164;30
1165;30
1166;30
1167;30
1168;30
1169;30
1170;30
1171;30
1172;30
1173;19
1174;29
1175;30
1176;20
1177;28
1178;29
1179;19
1180;29
1181;29
1182;30
1183;29
1184;30
1185;29
1186;29
1187;19
1188;29
1189;25
1190;29
1191;15
1192;29
1193;29
1194;29
1195;29
1196;15
1197;25
1198;29
1199;30
1200;30
1201;30
1202;19
1203;30
1204;30
1205;30
1206;30
1207;30
1208;30
1209;30
1210;30
1211;30
1212;30
1213;30
1214;1
1215;30
1216;30
1217;30
1218;30
1219;30
1220;30
1221;30
1222;30
1223;30
1224;30
1225;30
1226;30
1227;30
1228;30
1229;30
1230;30
1231;30
1232;30
1233;30
1234;30
1235;30
1236;30
1237;30
1238;30
1239;30
1240;30
1241;30
1242;30
1243;30
1244;29
1245;24
1246;29
1247;29
1248;19
1249;30
1250;30
1251;29
1252;29
1253;30
1254;30
1255;30
1256;30
1257;30
1258;30
1259;30
1260;29
1261;29
1262;29
1263;29
1264;21
1265;30
1266;29
1267;29
1268;30
1269;29
1270;30
1271;30
1272;16
1273;29
1274;29
1275;29
1276;29
1277;29
1278;30
1279;24
1280;30
1281;30
1282;30
1283;30
1284;30
1285;30
1286;30
1287;30
1288;30
1289;19
1290;30
1291;30
1292;30
1293;30
1294;30
1295;30
1296;30
1297;30
1298;30
1299;30
1300;30
1301;30
1302;29
1303;20
1304;29
1305;30
1306;30
1307;29
1308;30
1309;29
1310;29
1311;30
1312;30
1313;19
1314;30
1315;30
1316;30
1317;29
1318;19
1319;30
1320;30
1321;24
1322;30
1323;30
1324;30
1325;30
1326;30
1327;30
1328;30
1329;30
1330;30
1331;30
1332;29
1333;30
1334;30
1335;30
1336;30
1337;30
1338;30
1339;30
1340;30
1341;30
1342;30
1343;30
1344;29
1345;29
1346;29
1347;30
1348;30
1349;30
1350;30
1351;30
1352;24
1353;30
1354;30
1355;30
1356;30
1357;30
1358;30
1359;30
1360;19
1361;30
1362;30
1363;30
1364;30
1365;30
1366;30
1367;30
1368;30
1369;30
1370;30
1371;30
1372;30
1373;19
1374;30
1375;30
1376;30
1377;30
1378;30
1379;30
1380;30
1381;30
1382;30
1383;30
1384;30
1385;30
1386;30
1387;30
1388;30
1389;30
1390;19
1391;30
1392;30
1393;30
1394;30
1395;30
1396;30
1397;30
1398;30
1399;30
1400;30
1401;30
1402;29
1403;30
1404;30
1405;32
1406;30
1407;30
1408;30
1409;30
1410;30
1411;32
1412;30
1413;30
1414;30
1415;30
1416;14
1417;30
1418;32
1419;30
1420;30
1421;30
1422;30
1423;30
1424;30
1425;30
1426;30
1427;30
1428;30
1429;30
1430;30
1431;30
1432;30
1433;30
1434;30
1435;30
1436;30
1437;30
1438;30
1439;30
1440;30
1441;30
1442;30
1443;30
1444;30
1445;24
1446;30
1447;24
1448;30
1449;24
1450;30
1451;29
1452;30
1453;30
1454;30
1455;30
1456;30
1457;30
1458;30
1459;30
1460;30
1461;30
1462;19
1463;25
1464;30
1465;30
1466;19
1467;30
1468;30
1469;30
1470;30
1471;29
1472;30
1473;29
1474;30
1475;25
1476;30
1477;29
1478;29
1479;30
1480;30
1481;30
1482;29
1483;29
1484;29
1485;29
1486;24
1487;32
1488;29
1489;30
1490;30
1491;30
1492;30
1493;30
1494;19
1495;30
1496;30
1497;30
1498;30
1499;30
1500;30
1501;30
1502;29
1503;29
1504;30
1505;30
1506;30
1507;30
1508;30
1509;30
1510;30
1511;30
1512;30
1513;30
1514;30
1515;24
1516;30
1517;29
1518;30
1519;30
1520;30
1521;30
1522;30
1523;30
1524;30
1525;30
1526;30
1527;30
1528;30
1529;30
1530;30
1531;30
1532;30
1533;30
1534;15
1535;30
1536;30
1537;29
1538;30
1539;30
1540;30
1541;30
1542;30
1543;30
1544;30
1545;30
1546;30
1547;30
1548;30
1549;30
1550;30
1551;30
1552;30
1553;29
1554;29
1555;30
1556;30
1557;24
1558;30
1559;19
1560;29
1561;29
1562;29
1563;21
1564;30
1565;30
1566;30
1567;30
1568;30
1569;30
1570;30
1;29
2;25
3;20
4;24
5;29
6;29
7;29
8;29
9;21
10;19
11;22
12;29
13;29
14;29
15;19
16;29
17;29
18;29
19;19
20;29
21;29
22;29
23;11
24;29
25;29
26;19
27;29
29;29
30;29
31;29
32;19
34;22
35;14
36;18
37;21
38;21
39;16
40;29
41;20
42;25
43;19
44;19
45;29
46;29
47;19
48;29
49;29
51;11
52;11
53;19
54;29
55;19
56;18
57;11
58;29
59;29
60;29
61;29
62;18
63;19
64;19
65;15
66;29
67;29
68;29
69;29
70;11
71;29
72;29
73;29
74;29
77;29
78;29
79;19
80;19
81;20
82;11
83;25
84;19
85;11
86;29
87;19
88;16
89;11
90;29
91;29
92;29
93;29
94;29
95;25
96;29
97;29
98;29
99;19
100;20
101;20
102;29
103;19
104;11
105;11
106;19
107;19
109;29
110;29
111;11
112;29
113;29
114;29
115;18
116;11
117;29
118;14
119;19
120;19
121;19
122;18
123;19
124;21
125;20
126;15
127;21
128;19
129;29
130;11
131;15
132;29
133;29
134;29
135;29
136;29
138;11
139;11
140;29
141;29
142;19
143;19
144;19
145;19
146;29
147;11
148;29
149;29
150;29
151;29
153;29
154;29
155;29
156;29
157;29
158;11
159;19
160;11
161;15
162;29
163;14
164;19
165;19
166;21
167;29
168;29
169;19
170;23
171;19
172;29
173;11
174;21
175;21
176;29
177;21
178;21
179;21
180;29
181;21
182;21
183;29
184;29
185;21
186;14
187;29
188;21
189;19
190;29
191;21
192;25
193;29
194;20
195;29
196;29
197;29
198;29
199;19
200;19
201;29
202;23
203;19
204;19
205;19
206;29
207;29
208;20
209;29
210;29
211;29
212;29
213;16
214;11
216;21
217;29
218;18
219;29
220;29
221;25
222;29
223;11
224;11
225;22
226;21
227;19
228;19
229;19
230;19
231;19
232;21
233;19
234;11
235;5
236;11
237;29
238;29
239;29
240;29
241;19
242;29
243;11
244;29
245;29
246;29
247;21
248;19
249;19
250;11
251;21
252;22
253;21
254;19
255;29
256;19
257;29
258;19
259;29
261;14
262;14
263;25
264;14
265;14
266;29
267;21
268;14
269;14
270;14
271;29
272;15
273;19
274;29
275;21
276;29
277;23
278;11
279;11
280;19
281;29
282;19
283;29
284;29
285;20
286;11
287;29
288;19
289;29
293;24
294;23
295;19
296;19
297;29
298;19
299;19
300;19
301;15
302;11
303;19
304;29
305;21
306;14
307;19
308;29
309;29
310;29
311;29
312;23
313;29
314;19
315;11
316;29
317;24
320;21
321;29
322;29
323;16
324;25
325;29
326;11
327;16
328;19
329;1
330;29
331;20
332;11
333;11
334;19
335;29
336;20
337;29
338;29
340;20
341;29
342;29
343;29
344;30
345;29
346;11
347;11
348;29
350;19
351;11
352;29
353;29
354;29
355;24
356;29
357;29
358;29
359;19
361;29
362;29
363;29
364;29
365;29
366;17
367;11
368;29
369;19
370;19
371;11
372;29
373;29
374;11
375;21
376;11
377;11
378;19
379;11
380;29
381;29
382;29
383;29
384;11
385;11
386;29
387;29
388;29
390;29
391;11
392;14
393;20
394;11
395;29
396;14
397;22
398;15
399;29
401;21
402;14
403;19
404;11
405;11
406;23
407;19
408;19
409;21
410;14
411;29
412;29
413;29
414;29
415;11
416;11
417;20
418;29
419;20
420;15
421;29
422;22
423;16
424;29
425;19
426;29
427;21
428;19
429;11
430;29
431;29
432;19
433;29
435;29
436;29
437;19
438;29
439;19
440;19
441;19
442;23
443;11
444;29
446;29
447;29
448;20
449;29
450;11
451;29
452;14
453;23
454;29
455;11
456;29
457;29
458;22
459;29
460;29
461;19
462;20
463;20
464;19
465;29
466;19
467;29
468;19
469;14
470;29
471;16
472;20
473;11
474;20
475;29
476;11
477;11
478;12
479;29
480;29
481;20
482;29
484;19
485;11
486;21
487;21
488;21
489;21
490;29
491;19
492;19
493;19
494;29
495;9
496;29
497;29
498;29
499;29
500;29
501;29
502;11
503;29
504;29
505;20
506;11
507;29
508;29
509;21
510;19
511;19
512;29
513;19
514;19
515;25
516;19
517;15
518;29
519;29
520;29
521;19
522;29
523;29
524;15
525;29
526;16
527;29
528;11
530;29
531;29
532;19
533;19
534;29
535;29
537;14
538;29
539;22
540;29
541;11
542;20
543;20
544;29
545;19
546;29
547;19
548;23
549;19
550;19
551;11
552;20
553;29
554;27
555;29
556;29
557;19
558;21
559;21
560;14
561;29
562;21
563;19
564;29
565;21
566;26
567;29
568;11
569;29
570;29
571;11
572;25
573;29
574;29
575;19
576;29
577;11
578;29
579;25
581;29
583;19
584;29
585;11
586;20
587;29
588;11
589;14
590;19
591;29
592;19
593;19
594;13
595;29
596;29
597;29
598;11
599;19
600;19
601;19
602;19
603;29
604;19
605;19
606;29
607;14
608;9
609;29
610;19
611;19
612;29
613;19
614;19
615;29
616;19
617;29
618;29
619;29
620;19
621;29
622;16
623;29
624;19
625;16
626;29
627;29
628;11
630;21
631;11
632;19
634;29
635;11
636;11
637;29
638;19
639;19
640;19
641;29
642;19
643;29
644;29
645;11
646;29
647;22
649;29
650;29
651;19
652;29
653;19
654;29
655;29
656;29
657;19
658;29
659;29
660;19
661;29
662;29
663;29
664;16
665;29
666;29
667;29
668;19
669;20
670;29
671;29
672;19
673;21
674;19
675;15
676;19
677;19
678;19
679;19
680;19
681;29
682;19
683;14
684;19
685;19
686;29
687;19
688;29
689;19
690;23
691;23
692;29
693;19
694;19
695;20
696;19
697;19
699;22
700;21
701;29
703;20
704;29
705;29
706;11
707;29
708;20
710;15
711;29
712;17
713;29
714;20
715;18
716;29
717;29
718;16
720;29
721;15
722;29
723;29
724;29
725;29
726;24
727;29
728;29
729;29
730;25
732;20
733;25
734;19
735;25
736;29
737;11
738;11
739;29
740;29
741;29
742;18
743;21
744;29
745;20
746;11
747;29
748;29
749;11
750;11
751;29
752;29
753;29
754;21
755;19
756;29
757;11
758;29
759;20
760;11
761;29
762;29
763;29
764;20
765;19
766;29
767;29
768;19
769;21
770;11
771;14
772;25
774;29
776;29
778;15
779;11
780;29
782;29
784;29
785;29
786;29
787;25
788;11
789;29
790;15
791;19
792;29
793;29
794;29
796;21
797;20
798;14
799;22
800;19
801;29
802;19
803;14
804;14
805;14
806;14
807;19
809;29
810;21
811;11
812;23
813;29
814;11
815;22
817;29
818;29
820;29
821;19
822;29
823;29
824;21
825;16
826;29
828;14
830;19
831;29
832;18
833;19
834;29
835;22
836;23
837;29
838;29
839;29
840;29
841;14
842;25
843;11
844;20
845;19
846;19
847;29
848;11
849;11
850;19
851;11
852;20
853;21
854;29
855;29
856;29
858;29
859;11
860;11
861;29
862;29
863;11
864;11
865;11
866;29
867;20
868;19
869;20
870;12
871;29
872;20
873;21
874;29
875;29
876;29
877;29
878;24
879;11
881;19
882;29
883;11
884;19
885;19
886;19
887;15
888;19
889;19
890;29
891;20
892;29
893;29
894;19
895;29
896;11
897;29
898;20
899;11
901;19
902;16
903;11
904;29
905;11
906;29
907;29
908;29
909;19
910;22
911;29
912;29
913;20
914;29
915;29
916;21
917;29
919;14
920;19
921;20
922;11
923;11
924;19
925;19
926;14
927;21
928;29
929;19
930;20
931;11
932;21
933;29
934;29
935;29
936;11
937;29
938;29
939;22
940;19
941;19
942;19
943;29
944;29
945;29
946;20
947;11
948;11
949;19
950;29
951;15
952;29
953;19
954;19
955;21
956;21
957;19
958;21
959;19
960;11
961;5
962;11
963;20
964;11
965;29
966;29
967;19
968;14
969;14
970;22
971;14
972;29
973;30
974;21
975;19
976;29
978;19
979;29
980;29
981;11
982;29
983;29
984;23
985;21
986;15
987;11
988;14
989;21
990;16
991;29
992;21
993;11
994;29
995;15
996;29
997;29
999;29
1001;29
1002;21
1003;19
1004;21
1005;22
1006;29
1007;19
1008;19
1009;30
1010;29
1012;29
1013;29
1014;5
1015;11
1016;21
1017;25
1018;11
1019;20
1020;19
1021;29
1022;29
1023;29
1024;14
1025;21
1026;29
1027;25
1028;29
1029;29
1030;29
1031;20
1032;11
1033;29
1034;19
1035;19
1036;29
1038;22
1039;21
1040;17
1041;29
1042;29
1043;29
1044;11
1045;29
1046;11
1047;27
1048;21
1049;21
1050;27
1051;29
1052;25
1053;19
1054;19
1055;29
1056;20
1057;21
1058;16
1059;19
1061;19
1062;15
1063;29
1064;21
1065;29
1066;29
1067;29
1068;19
1069;29
1070;11
1071;29
1072;22
1073;15
1074;29
1075;29
1076;19
1077;29
1080;29
1082;16
1083;20
1085;29
1086;29
1087;16
1088;20
1089;11
1090;19
1091;29
1092;29
1093;19
1094;15
1096;29
1097;29
1098;29
1099;29
1100;19
1101;29
1102;29
1105;29
1106;21
1107;29
1108;21
1109;20
1110;18
1111;21
1112;14
1113;22
1114;19
1115;19
1116;25
1117;15
1118;19
1119;11
1120;29
1121;20
1122;29
1123;17
1125;29
1126;29
1127;29
1128;29
1129;20
1130;23
1131;29
1132;19
1133;19
1134;29
1135;14
1136;21
1137;21
1138;29
1139;29
1140;29
1141;29
1142;29
1143;11
1144;21
1145;14
1146;23
1147;13
1148;22
1149;14
1150;29
1151;11
1152;15
1153;29
1154;29
1155;29
1157;21
1158;14
1159;15
1160;29
1162;29
1163;15
1165;29
1166;29
1167;29
1168;29
1169;29
1170;19
1172;29
1173;18
1174;21
1175;29
1176;11
1177;27
1178;21
1179;18
1180;14
1181;21
1182;20
1183;14
1184;9
1185;14
1186;22
1187;15
1188;21
1190;21
1191;14
1192;14
1193;21
1194;21
1195;21
1196;14
1198;14
1199;29
1200;29
1201;29
1202;9
1203;25
1204;29
1205;29
1206;29
1207;29
1208;29
1209;22
1210;19
1211;29
1212;29
1215;11
1216;29
1217;29
1218;20
1219;29
1220;29
1221;29
1222;29
1223;11
1224;29
1225;29
1226;29
1227;11
1229;29
1230;22
1231;11
1232;29
1233;20
1234;19
1235;29
1236;11
1238;11
1240;29
1241;29
1242;19
1243;29
1244;19
1245;23
1246;19
1247;19
1248;18
1249;19
1250;29
1251;19
1252;19
1253;19
1255;29
1256;29
1257;29
1258;29
1259;29
1260;21
1261;16
1262;19
1263;18
1264;19
1265;29
1266;19
1267;21
1268;29
1269;24
1270;25
1271;29
1272;11
1273;21
1274;14
1275;21
1276;14
1277;21
1278;29
1279;23
1281;29
1282;29
1283;29
1284;14
1285;11
1286;19
1287;11
1288;20
1289;15
1290;19
1291;28
1292;29
1293;29
1294;19
1295;29
1296;29
1297;29
1298;29
1299;25
1300;29
1301;19
1302;21
1303;19
1304;21
1305;11
1306;29
1307;21
1308;19
1309;21
1310;19
1311;29
1312;19
1313;13
1314;29
1315;29
1316;29
1317;11
1318;15
1319;29
1320;29
1321;23
1322;29
1323;29
1324;29
1325;19
1326;29
1327;11
1328;16
1329;19
1330;11
1331;11
1332;19
1333;29
1334;29
1335;29
1336;29
1337;29
1338;25
1339;11
1340;19
1341;11
1342;29
1343;29
1344;19
1345;22
1346;19
1347;29
1348;29
1349;29
1350;29
1351;29
1352;23
1353;29
1354;29
1355;29
1356;29
1357;20
1358;19
1359;5
1360;15
1361;16
1362;29
1363;20
1364;29
1365;20
1366;29
1367;29
1368;29
1369;19
1370;19
1371;19
1372;19
1373;15
1374;19
1375;29
1376;9
1377;29
1378;19
1379;29
1380;20
1381;19
1382;29
1385;11
1387;29
1388;29
1390;15
1391;19
1392;19
1393;11
1394;11
1395;11
1396;11
1397;29
1398;29
1399;11
1400;20
1401;11
1402;19
1404;11
1405;19
1406;25
1407;11
1408;11
1409;29
1410;29
1411;19
1413;11
1414;29
1415;29
1417;29
1418;19
1419;29
1420;11
1421;29
1422;11
1423;11
1424;29
1425;11
1426;11
1427;11
1428;20
1429;29
1430;20
1432;29
1433;11
1434;29
1435;19
1436;29
1437;29
1438;29
1439;29
1442;29
1443;29
1444;29
1445;23
1446;22
1447;23
1448;16
1449;23
1450;29
1451;21
1452;11
1454;9
1457;29
1458;25
1459;29
1460;29
1461;29
1462;13
1463;19
1464;29
1465;19
1466;15
1467;19
1468;19
1469;29
1470;25
1471;19
1472;29
1473;21
1474;29
1476;19
1477;19
1478;19
1479;29
1480;29
1481;20
1482;19
1483;22
1484;21
1485;21
1486;23
1487;19
1488;11
1489;29
1490;29
1491;29
1492;19
1494;15
1495;29
1497;11
1498;19
1499;29
1500;29
1501;19
1502;16
1503;21
1505;29
1506;29
1507;29
1508;29
1509;11
1511;11
1512;29
1513;29
1514;29
1515;23
1516;19
1517;21
1518;29
1519;29
1520;29
1521;19
1523;29
1524;29
1525;29
1526;29
1527;20
1528;29
1529;29
1530;29
1531;11
1533;15
1534;14
1535;29
1536;29
1537;19
1538;19
1539;15
1540;29
1541;29
1542;19
1543;29
1544;20
1545;29
1546;29
1547;29
1548;29
1549;29
1550;29
1552;29
1553;24
1554;21
1555;19
1556;19
1557;23
1558;29
1559;14
1560;19
1561;21
1562;21
1563;19
1564;29
1565;19
1566;29
1567;29
1568;29
1569;19
1570;11
1;21
2;19
3;11
4;23
5;19
6;22
7;21
8;11
9;19
10;18
11;21
12;20
13;14
14;19
15;11
16;21
17;21
18;21
19;14
20;21
21;19
22;19
23;5
24;21
25;21
26;13
27;11
29;19
30;19
31;19
34;19
36;15
37;14
38;14
39;11
40;14
41;11
43;14
44;18
45;19
46;19
47;18
48;16
49;11
51;5
52;5
53;14
54;21
55;18
57;5
58;22
59;22
60;21
61;19
63;18
64;14
65;14
66;21
67;21
68;21
69;21
70;5
71;21
72;19
73;14
74;19
77;16
78;19
79;15
80;15
81;8
82;5
83;19
84;11
85;5
86;19
87;15
88;11
89;5
90;19
91;13
92;19
93;21
94;21
95;21
96;19
97;19
98;11
99;18
100;19
101;11
102;19
103;11
104;5
106;11
107;18
109;19
110;21
111;5
112;16
113;21
114;21
116;5
117;21
118;11
119;14
120;11
121;16
122;13
123;18
124;14
125;11
126;14
127;14
128;16
129;16
130;5
132;19
133;19
134;19
135;19
136;19
138;5
139;5
140;21
141;14
142;14
143;14
144;14
145;14
146;19
147;3
148;21
149;21
150;19
151;11
153;19
154;21
155;14
156;20
157;19
158;5
159;18
160;5
162;19
164;18
165;18
166;14
167;21
168;19
169;17
170;19
171;14
172;19
173;1
174;19
175;19
176;21
177;14
178;14
179;14
180;14
181;19
182;14
183;21
184;21
185;14
187;21
188;19
189;14
190;11
191;19
193;14
194;19
195;21
196;21
197;21
198;21
199;16
200;14
201;19
202;19
203;14
204;14
205;14
206;21
207;19
208;11
209;21
210;25
211;19
212;11
213;11
214;5
216;14
217;11
218;13
219;21
220;11
222;21
223;5
225;21
226;19
227;15
229;17
230;18
231;14
232;19
233;14
234;7
235;3
236;5
237;19
238;19
239;21
240;19
241;14
242;19
243;3
244;21
245;21
246;19
247;13
248;15
249;14
250;7
251;19
252;19
253;14
254;18
255;25
256;11
257;21
258;14
259;14
261;13
265;11
266;14
267;19
271;14
273;17
274;19
275;14
276;21
277;19
278;5
279;7
280;16
281;27
282;11
283;19
284;19
285;11
286;5
287;11
288;14
289;19
293;23
294;19
295;18
296;11
297;21
298;15
299;15
300;15
303;18
304;11
305;20
306;13
307;14
308;19
309;21
310;27
311;21
312;19
313;21
314;11
315;3
316;19
317;23
320;14
321;19
322;20
323;11
324;19
325;20
326;5
327;11
328;17
330;21
331;11
332;5
333;5
334;11
335;19
336;11
337;19
338;11
340;11
341;21
342;21
343;19
344;19
345;14
346;5
347;5
348;21
350;15
351;5
352;19
353;21
354;19
355;23
356;19
357;21
358;19
359;9
361;16
362;19
363;19
364;19
365;19
366;16
367;5
368;21
369;15
370;15
371;5
372;20
373;19
374;5
375;14
376;5
377;5
378;11
379;5
380;19
381;21
382;19
383;19
384;5
385;5
386;19
387;19
388;19
390;19
391;5
392;13
393;11
394;5
395;16
396;13
397;19
398;14
399;21
401;19
404;1
405;5
406;19
407;14
408;14
409;14
410;12
411;20
412;19
413;22
414;19
415;5
416;5
417;11
418;19
419;16
420;14
421;21
422;19
423;11
424;16
425;14
426;19
427;14
428;18
429;5
430;19
431;19
432;18
433;22
435;19
436;19
437;18
438;19
439;14
440;14
441;14
442;19
443;3
444;19
446;19
447;11
449;21
450;3
451;11
452;13
453;19
454;19
456;19
457;19
458;19
459;19
460;21
461;17
462;16
463;16
464;15
465;21
466;11
467;20
468;14
469;13
470;13
471;11
472;11
473;5
474;11
475;19
476;5
477;5
479;21
480;22
481;11
482;14
484;17
485;5
486;14
487;14
488;14
489;14
490;19
491;14
492;14
493;14
494;21
496;19
497;19
498;21
499;21
500;19
501;19
503;25
504;25
505;11
506;5
507;19
508;22
509;14
511;14
512;19
513;11
515;19
517;14
518;21
519;21
520;21
521;15
522;16
523;19
524;14
525;21
526;11
527;16
528;5
530;11
531;21
532;18
533;9
534;19
535;19
538;27
539;11
540;21
541;5
542;11
543;11
544;19
545;14
546;19
547;14
548;19
549;14
550;11
551;5
552;11
553;11
554;19
555;19
556;21
557;11
558;14
559;19
561;14
562;14
564;21
565;11
566;19
567;11
568;5
569;19
570;21
571;5
572;19
573;19
574;19
575;11
576;21
577;5
578;19
579;19
581;11
583;14
584;21
585;5
586;11
587;19
588;5
591;19
592;14
593;15
595;19
596;16
597;11
598;5
599;14
600;14
601;14
602;14
603;19
604;18
605;14
606;19
607;9
609;14
610;14
611;14
612;19
613;13
614;18
615;21
616;14
617;19
618;21
619;21
620;16
621;16
622;11
623;16
624;17
625;11
626;16
627;16
628;1
630;19
631;5
632;18
634;19
637;19
641;19
642;15
643;19
644;19
645;5
646;21
649;19
650;19
651;14
652;14
653;14
654;21
655;19
656;27
657;11
658;19
659;19
660;14
661;19
662;11
663;11
664;11
665;19
666;14
667;16
668;18
669;11
670;21
671;19
672;15
673;14
674;14
680;16
681;19
682;13
684;14
685;14
686;20
688;19
689;14
690;19
691;19
692;21
693;14
694;14
695;11
696;18
697;11
699;19
700;14
701;21
703;11
704;19
705;19
706;5
707;21
708;11
710;14
711;21
712;16
713;19
714;11
715;12
716;11
717;19
718;11
720;21
722;22
723;22
724;21
725;19
726;21
727;19
728;19
729;19
730;19
732;11
733;21
735;19
736;19
737;5
738;5
739;20
740;19
741;21
742;6
743;14
744;21
745;11
746;5
747;19
748;14
749;5
750;5
751;19
752;21
753;19
754;19
755;14
756;19
757;5
758;21
759;11
760;5
761;19
762;21
763;21
764;11
765;17
766;19
767;19
768;14
769;11
770;1
771;13
774;19
776;21
779;5
780;19
782;14
784;16
785;16
786;20
787;19
788;1
789;19
790;14
791;15
792;21
793;19
794;21
796;19
797;11
798;13
799;19
800;14
801;19
802;14
804;13
805;13
806;13
807;15
809;21
810;11
812;19
813;19
814;5
815;19
817;19
818;19
820;19
821;18
822;11
823;19
824;19
825;11
826;19
828;3
830;18
831;19
832;15
833;18
834;11
835;19
836;19
837;21
838;19
839;14
840;19
841;13
842;19
843;5
844;11
845;14
846;14
847;14
848;5
849;5
850;11
851;5
852;11
853;11
854;19
855;19
856;19
858;21
859;5
860;5
861;19
862;14
863;5
864;5
865;5
866;21
867;11
868;14
869;11
871;19
872;11
873;14
874;11
875;19
876;19
877;16
878;23
879;5
881;18
882;19
883;5
884;15
885;15
886;15
888;15
889;15
890;21
891;16
892;21
893;21
894;15
895;21
896;5
897;21
898;16
899;5
901;18
902;11
904;19
905;5
906;19
907;19
908;11
909;17
910;18
911;21
912;19
913;19
914;19
915;25
916;11
917;21
919;12
920;11
921;11
922;5
923;5
924;14
925;14
926;13
927;11
928;21
930;11
931;5
932;14
933;19
934;19
935;19
936;5
937;25
938;19
939;19
940;14
941;14
942;15
943;21
944;19
945;19
946;11
947;5
949;18
950;19
951;14
952;21
954;14
955;19
956;14
957;18
958;14
959;17
960;5
961;3
962;5
963;11
964;5
965;21
966;19
967;17
970;14
971;11
972;19
973;19
974;14
975;9
976;11
978;17
979;19
980;25
981;5
982;21
983;21
984;19
985;19
986;14
988;11
989;19
990;11
991;19
992;19
993;5
994;19
995;14
996;19
997;19
999;19
1001;21
1002;14
1003;14
1004;19
1005;19
1006;19
1007;14
1008;14
1009;19
1010;21
1012;19
1013;21
1014;3
1015;7
1016;14
1017;19
1018;5
1019;11
1020;17
1021;19
1022;21
1023;19
1024;13
1025;19
1026;19
1027;19
1028;19
1029;19
1030;16
1031;11
1033;19
1034;14
1035;16
1036;21
1038;21
1039;19
1040;15
1041;22
1042;16
1043;19
1044;5
1045;14
1046;5
1047;19
1048;19
1049;19
1050;19
1051;19
1052;21
1054;14
1055;21
1056;11
1057;14
1058;11
1059;11
1061;14
1062;12
1063;19
1064;11
1065;19
1066;19
1067;27
1068;18
1069;16
1070;5
1071;21
1072;19
1074;21
1075;19
1076;14
1077;24
1080;21
1082;11
1083;19
1085;19
1086;19
1087;11
1088;11
1089;5
1090;11
1091;19
1092;19
1093;15
1096;19
1097;22
1098;19
1099;19
1101;19
1102;19
1105;21
1106;11
1107;21
1108;11
1109;19
1110;13
1111;19
1112;13
1113;19
1114;14
1115;14
1116;19
1117;14
1118;14
1119;5
1120;19
1121;11
1122;19
1123;16
1125;21
1126;11
1127;19
1128;19
1129;11
1130;19
1131;22
1133;11
1134;19
1136;14
1137;14
1138;21
1139;11
1140;19
1141;14
1142;22
1143;1
1144;14
1145;13
1146;19
1148;14
1150;11
1151;5
1152;14
1153;14
1154;14
1155;14
1157;18
1159;14
1160;19
1162;14
1165;16
1166;21
1167;11
1168;21
1169;21
1170;17
1172;21
1173;17
1174;19
1175;21
1176;5
1177;19
1178;19
1179;17
1181;11
1182;11
1186;21
1187;14
1188;14
1190;14
1193;14
1194;19
1195;11
1199;22
1200;14
1201;19
1202;1
1203;15
1204;19
1205;19
1206;19
1207;19
1208;19
1209;18
1211;19
1212;14
1215;5
1216;19
1217;19
1218;11
1219;19
1220;19
1221;19
1222;14
1223;5
1224;19
1225;19
1226;19
1227;5
1229;19
1230;19
1231;5
1232;21
1233;19
1234;18
1235;21
1236;5
1238;5
1240;21
1241;19
1242;11
1243;21
1244;14
1245;19
1246;14
1247;14
1248;13
1249;11
1250;21
1251;18
1252;14
1253;18
1255;21
1256;19
1257;21
1258;27
1259;19
1260;19
1261;14
1262;14
1264;11
1265;21
1266;14
1267;14
1268;19
1269;23
1270;19
1271;21
1272;3
1273;14
1274;11
1275;14
1276;11
1277;14
1278;14
1279;19
1281;19
1282;19
1283;20
1284;12
1285;5
1286;11
1287;5
1288;11
1291;27
1292;21
1293;21
1294;17
1295;19
1296;22
1297;21
1298;21
1299;11
1300;19
1301;11
1302;19
1303;17
1304;14
1305;5
1306;21
1307;14
1308;16
1309;14
1310;11
1311;19
1312;11
1314;19
1315;19
1316;21
1317;7
1319;19
1320;16
1321;19
1322;19
1323;19
1324;19
1325;18
1326;22
1327;5
1328;11
1330;5
1331;3
1332;17
1333;19
1334;19
1335;19
1336;21
1337;19
1338;19
1339;5
1340;11
1341;5
1343;14
1344;14
1345;21
1346;14
1347;21
1348;19
1349;19
1350;19
1351;19
1352;19
1353;20
1354;21
1355;19
1356;20
1358;17
1361;11
1362;19
1363;11
1364;21
1365;11
1366;21
1367;21
1368;21
1369;15
1370;13
1371;15
1372;15
1373;14
1374;15
1375;19
1377;19
1378;18
1379;19
1380;11
1382;19
1385;5
1387;21
1388;21
1391;15
1392;16
1393;5
1394;5
1395;5
1396;5
1397;19
1398;22
1399;5
1400;11
1402;14
1404;5
1406;19
1407;5
1408;5
1409;19
1410;19
1413;5
1414;21
1415;22
1417;22
1419;19
1420;3
1421;21
1422;5
1423;5
1424;20
1425;5
1426;5
1427;5
1428;11
1429;22
1430;11
1432;20
1433;5
1434;19
1435;15
1436;19
1437;19
1438;19
1439;19
1442;14
1443;14
1444;19
1445;19
1446;19
1447;19
1448;11
1449;19
1450;19
1451;19
1452;5
1457;19
1458;19
1459;19
1460;19
1461;19
1463;15
1464;19
1465;15
1467;13
1468;15
1469;19
1470;19
1471;14
1472;11
1473;14
1474;21
1477;14
1478;14
1479;19
1480;21
1481;11
1482;14
1483;19
1484;14
1485;14
1486;19
1488;7
1489;14
1490;21
1491;22
1492;15
1495;11
1497;5
1498;11
1499;19
1500;21
1501;11
1502;11
1503;14
1505;19
1506;19
1507;19
1508;19
1509;5
1511;5
1512;21
1513;19
1514;11
1515;19
1516;17
1517;11
1518;19
1519;21
1520;19
1521;11
1523;19
1524;19
1525;19
1526;19
1527;11
1528;19
1529;11
1530;19
1533;14
1535;21
1536;19
1537;14
1539;11
1540;19
1541;21
1542;14
1543;16
1544;11
1545;11
1546;21
1547;19
1548;22
1549;11
1550;14
1552;19
1553;23
1554;14
1555;18
1556;18
1557;19
1558;19
1559;13
1560;14
1561;14
1562;19
1563;11
1564;19
1565;9
1566;22
1567;19
1568;19
1569;11
1570;5
1;14
2;1
3;5
4;21
5;14
6;21
7;19
8;1
9;14
10;13
11;19
12;11
14;14
15;1
16;19
17;19
18;14
19;13
20;19
21;14
22;14
23;3
24;14
25;14
26;3
27;1
29;14
30;14
31;14
34;17
38;1
39;3
40;3
41;5
43;13
44;15
45;14
46;14
47;15
48;14
49;7
51;2
52;3
53;13
54;19
55;11
57;2
58;19
59;21
60;14
61;13
64;13
66;14
67;19
68;19
69;19
70;3
71;19
72;14
74;14
77;11
78;13
79;14
81;3
82;3
84;5
85;2
86;14
87;14
88;3
89;2
90;14
92;14
93;19
94;19
95;19
96;14
97;14
98;1
100;17
101;5
102;14
103;5
104;3
106;5
107;17
109;14
110;19
111;2
112;14
113;19
114;19
116;3
117;19
119;13
120;3
121;11
122;11
123;13
125;5
128;11
129;11
130;3
132;14
133;14
134;14
135;14
136;17
138;3
139;2
140;19
141;3
143;13
145;13
146;14
147;1
148;14
149;14
150;14
153;14
154;11
155;3
156;11
157;14
159;15
160;3
162;14
164;13
165;17
167;19
168;14
169;14
170;13
172;14
174;14
175;14
176;19
181;11
183;14
184;14
187;14
188;14
189;13
190;5
191;11
193;3
194;17
195;19
196;14
197;14
198;19
199;3
200;11
201;14
202;13
203;13
204;13
205;13
206;19
207;14
208;5
209;19
210;19
211;14
212;7
213;3
217;7
218;3
219;19
220;7
222;14
223;2
225;19
226;14
229;16
230;15
231;13
232;14
233;13
234;3
235;1
236;2
237;14
238;14
239;15
240;14
241;13
242;14
243;1
244;14
245;13
246;13
247;11
248;9
249;13
250;3
251;18
252;14
254;13
255;21
256;3
257;14
258;13
259;11
267;18
274;14
276;14
277;13
278;2
279;3
280;11
281;19
282;3
283;18
284;14
285;5
286;3
287;7
288;13
289;14
293;19
294;13
295;15
296;5
297;14
298;9
303;17
304;7
305;11
307;13
308;14
309;14
310;19
311;19
312;13
313;19
314;5
315;1
316;14
317;19
321;14
322;11
323;3
324;14
325;3
326;2
327;3
328;16
330;19
331;5
332;1
333;2
334;5
335;14
336;5
337;14
338;1
340;3
341;11
342;14
343;18
345;13
346;3
347;3
348;14
350;14
351;3
352;14
353;14
354;14
355;19
356;14
357;19
358;14
359;1
361;11
362;14
363;14
364;14
365;14
366;11
367;3
368;19
369;14
370;14
372;11
373;14
374;3
376;3
377;2
378;5
379;3
380;18
381;19
382;14
383;14
384;3
385;3
386;14
387;14
388;14
390;14
391;3
393;5
394;1
395;14
397;14
399;19
401;14
405;2
406;13
408;13
410;3
411;11
412;14
413;19
414;14
415;2
416;3
417;5
418;14
419;11
421;19
422;17
423;3
424;14
425;13
426;14
428;15
429;2
430;14
431;14
432;15
433;19
435;14
436;18
437;13
438;14
439;13
440;13
441;13
442;13
443;1
444;14
446;14
447;7
449;19
450;1
453;13
454;14
456;14
457;14
458;14
459;14
460;19
461;11
462;11
463;11
465;14
466;5
467;11
468;13
469;11
470;1
471;3
472;3
473;3
474;5
475;14
476;3
477;1
479;14
480;19
481;5
484;15
485;2
486;11
487;3
490;14
491;13
492;13
493;13
494;14
496;14
497;14
498;14
499;19
500;14
501;14
503;19
504;19
505;5
506;3
507;14
508;21
511;13
512;17
513;3
518;19
519;19
520;19
522;14
523;18
525;19
526;3
527;11
528;2
530;1
531;14
532;13
534;14
535;14
538;19
540;14
541;3
542;5
543;5
544;14
545;13
546;14
547;13
548;13
549;13
550;5
551;3
552;5
553;7
554;11
555;14
556;14
557;5
559;14
564;14
565;7
566;14
567;7
568;3
569;18
570;14
571;1
573;14
574;14
575;5
576;14
578;14
581;1
583;13
584;19
585;3
586;5
587;17
588;1
591;14
593;14
595;14
596;14
597;1
598;3
599;13
600;13
601;13
603;14
604;11
606;14
609;11
610;13
611;13
612;14
613;3
614;15
615;19
616;13
617;14
618;19
619;14
620;11
621;11
623;11
624;11
626;11
627;11
630;14
632;6
634;14
637;14
641;14
643;14
644;14
645;3
646;19
649;14
650;14
651;13
652;9
653;13
654;19
655;14
656;19
657;3
658;14
659;14
660;13
661;14
662;7
663;1
664;3
665;14
666;9
667;14
668;17
670;14
671;18
674;13
680;11
681;14
682;11
684;13
685;13
686;3
688;14
689;13
690;13
691;13
692;19
693;13
694;13
695;3
696;17
697;10
699;17
701;19
703;3
704;14
705;14
706;2
707;19
708;3
711;19
712;11
713;14
714;5
716;7
717;13
718;3
720;19
722;21
723;21
724;19
725;14
726;14
727;14
728;14
729;14
730;1
732;5
733;19
735;14
736;14
737;1
738;3
739;11
740;14
741;14
744;19
745;5
746;3
747;14
748;3
749;3
750;3
751;14
752;14
753;14
754;18
755;13
756;14
757;3
758;11
759;5
760;2
761;14
762;14
763;19
764;5
765;15
766;14
767;14
768;13
769;5
774;14
776;19
779;2
780;18
784;14
785;14
786;11
787;1
789;14
792;19
793;14
794;14
796;18
797;5
798;11
799;14
800;13
801;14
802;13
804;11
805;11
806;11
809;19
810;5
812;13
813;14
814;2
815;17
817;14
818;14
820;14
821;17
822;7
823;14
824;14
825;3
826;14
830;11
831;14
832;14
833;17
835;11
836;13
837;14
838;14
840;18
841;11
842;18
843;2
844;5
845;13
846;13
847;11
848;3
849;2
850;5
851;3
852;5
853;5
854;14
855;14
856;14
858;11
859;3
860;3
861;14
862;3
863;3
864;3
865;2
866;14
867;5
868;13
869;5
871;14
872;5
874;5
875;14
876;14
877;14
878;19
879;3
882;14
883;2
885;14
886;14
890;19
891;11
892;14
893;19
894;14
895;19
896;2
897;19
898;3
899;1
901;17
902;1
904;14
905;3
906;14
907;14
908;7
909;15
911;14
912;14
913;17
914;14
915;19
916;5
917;19
920;5
921;5
922;2
923;2
924;13
925;13
928;19
930;5
931;2
933;14
934;14
935;14
936;3
937;21
938;14
939;17
940;13
941;13
943;19
944;14
945;14
946;5
947;1
949;15
950;14
952;14
954;13
955;14
956;13
957;13
959;14
960;2
961;2
962;2
963;5
964;2
965;14
966;14
967;15
970;11
972;14
975;1
976;1
978;14
979;14
980;21
981;2
982;19
983;14
984;13
985;18
986;11
989;14
990;3
991;14
992;11
993;2
994;14
996;11
997;11
999;14
1001;14
1003;13
1004;11
1005;17
1006;14
1007;13
1008;13
1010;19
1012;14
1013;14
1014;1
1015;3
1017;14
1018;3
1019;5
1020;14
1021;18
1022;14
1023;14
1025;18
1026;14
1027;1
1028;14
1029;18
1030;11
1031;5
1033;14
1034;13
1035;14
1036;13
1038;19
1039;14
1040;14
1041;21
1042;14
1043;14
1044;1
1045;11
1046;1
1047;14
1048;14
1049;18
1050;11
1051;18
1052;14
1054;13
1055;14
1056;5
1057;3
1058;3
1059;1
1061;13
1062;3
1063;14
1064;3
1065;14
1066;14
1067;19
1069;14
1070;3
1071;11
1072;17
1074;19
1075;14
1076;13
1077;21
1080;19
1082;3
1083;5
1085;14
1086;14
1087;3
1088;3
1089;3
1090;1
1091;14
1092;18
1096;18
1097;19
1098;14
1099;14
1101;14
1102;14
1105;14
1106;5
1107;19
1108;5
1109;16
1110;3
1111;14
1113;14
1114;13
1116;15
1118;13
1119;1
1120;14
1121;5
1122;14
1123;11
1125;14
1126;5
1127;14
1128;14
1129;5
1130;13
1131;14
1133;5
1134;14
1138;14
1139;1
1140;14
1142;21
1146;13
1150;7
1151;1
1157;11
1160;14
1165;11
1166;19
1167;7
1168;14
1169;14
1170;16
1172;19
1173;15
1174;14
1175;14
1176;3
1177;11
1178;14
1179;15
1181;7
1182;5
1186;14
1187;11
1188;3
1194;14
1195;7
1199;21
1201;14
1203;14
1204;14
1205;14
1206;14
1207;14
1208;14
1211;14
1215;2
1216;14
1217;14
1218;5
1219;18
1220;14
1221;14
1222;9
1223;3
1224;14
1225;14
1226;14
1227;3
1229;14
1230;17
1231;2
1232;14
1233;5
1234;17
1235;14
1236;1
1238;3
1240;19
1241;14
1242;5
1243;14
1244;13
1245;13
1246;13
1247;13
1248;3
1249;5
1250;14
1251;14
1252;13
1253;15
1255;14
1256;18
1257;19
1258;19
1259;18
1260;11
1261;11
1262;13
1265;19
1266;13
1267;11
1268;18
1269;21
1271;14
1272;1
1275;13
1277;13
1279;13
1281;14
1282;14
1283;11
1285;3
1286;5
1287;3
1288;5
1291;19
1292;19
1293;14
1294;15
1295;14
1296;19
1297;19
1298;14
1300;18
1301;5
1302;18
1303;15
1305;2
1306;11
1308;11
1310;1
1311;11
1312;1
1314;14
1315;14
1316;19
1317;3
1319;14
1320;14
1321;13
1322;14
1323;14
1324;14
1325;15
1326;19
1327;3
1328;3
1330;3
1331;1
1332;14
1333;14
1334;14
1335;14
1336;14
1337;14
1338;18
1339;2
1340;5
1341;1
1343;3
1344;13
1345;19
1346;13
1347;19
1348;14
1349;14
1350;14
1351;14
1352;13
1353;11
1354;19
1355;14
1356;11
1358;15
1362;14
1363;5
1364;19
1365;5
1366;19
1367;14
1368;14
1372;9
1373;9
1375;14
1377;14
1378;17
1379;14
1380;5
1382;14
1385;3
1387;19
1388;14
1392;11
1394;3
1395;1
1396;1
1397;14
1398;19
1399;1
1400;5
1402;13
1404;3
1406;1
1407;3
1408;3
1409;14
1410;14
1413;2
1414;19
1415;21
1417;21
1419;14
1420;1
1421;14
1422;1
1423;2
1424;11
1425;2
1426;2
1427;3
1428;5
1429;18
1430;5
1432;11
1433;1
1434;14
1435;14
1436;14
1437;14
1438;14
1439;14
1443;13
1444;18
1445;13
1446;17
1447;13
1448;3
1449;13
1450;14
1451;14
1452;3
1457;14
1459;14
1460;14
1461;14
1463;14
1464;14
1468;9
1469;14
1471;13
1472;1
1473;3
1474;14
1477;13
1478;13
1479;14
1480;19
1481;5
1482;13
1483;17
1486;13
1488;3
1490;19
1491;21
1495;7
1497;3
1498;5
1499;14
1500;14
1501;5
1505;14
1506;14
1507;14
1508;14
1509;3
1511;3
1512;14
1513;14
1514;1
1515;13
1518;14
1519;19
1520;14
1521;3
1523;14
1524;14
1525;14
1526;14
1527;3
1528;14
1529;7
1530;14
1535;14
1536;14
1537;13
1540;14
1541;19
1542;13
1543;14
1544;5
1545;5
1546;14
1547;14
1548;21
1549;1
1550;11
1552;14
1553;21
1555;17
1556;17
1557;13
1558;14
1560;13
1562;18
1564;14
1565;1
1566;21
1567;14
1568;14
1569;5
1570;2
3;3
4;19
5;13
6;19
7;14
10;12
11;18
12;3
14;13
16;18
17;18
19;11
20;14
21;13
22;13
23;1
29;13
30;13
31;13
34;11
41;3
43;11
45;13
46;13
48;11
49;3
51;1
52;1
54;18
55;3
57;1
58;17
59;19
61;11
64;11
67;14
68;14
69;18
70;1
71;14
72;13
74;13
77;1
78;11
82;2
84;3
85;1
86;13
87;11
88;1
90;13
92;3
93;18
94;18
95;14
96;13
97;13
100;14
101;3
102;13
103;3
104;1
106;3
107;15
109;13
110;14
111;1
112;11
113;14
114;14
116;1
117;14
119;11
120;1
122;3
123;12
125;3
128;3
129;1
130;1
132;13
133;13
134;13
135;13
136;14
138;2
139;1
140;14
145;11
146;13
149;3
150;13
153;13
156;3
157;13
160;1
162;13
164;11
165;12
167;14
169;3
170;1
172;13
174;13
175;11
176;14
187;3
189;12
190;3
194;14
195;14
196;3
198;14
200;9
201;13
202;1
206;14
207;13
208;3
209;14
210;14
211;13
212;3
213;1
217;3
219;18
220;3
223;1
225;18
226;13
229;11
231;11
232;13
233;12
234;1
237;13
238;13
239;14
240;13
245;11
246;11
247;7
250;1
251;14
254;11
255;19
256;1
258;11
267;11
274;13
277;1
279;1
280;3
281;11
282;1
283;15
284;13
285;3
286;1
287;3
289;13
293;13
296;3
297;3
303;12
304;3
308;13
309;13
310;14
311;14
313;14
314;3
316;13
317;13
321;13
322;3
325;1
328;11
330;14
331;3
333;1
334;3
335;13
336;3
337;13
340;1
341;7
343;13
345;9
346;1
347;1
348;3
351;1
352;13
354;13
355;13
356;13
357;11
358;13
363;13
364;13
365;13
367;1
368;18
373;13
374;1
376;2
378;3
379;1
380;13
381;18
382;13
383;13
384;1
385;1
386;13
387;13
388;13
390;13
391;1
393;3
395;11
399;18
401;13
406;1
408;11
411;3
412;13
413;17
414;13
415;1
416;1
417;3
418;13
419;3
421;14
422;11
424;11
426;13
429;1
430;13
431;3
433;18
435;13
437;11
438;13
439;11
444;13
446;13
447;3
449;18
454;13
456;13
457;13
459;13
460;14
462;3
463;3
465;12
466;3
467;3
468;11
472;1
473;1
474;3
475;13
476;1
480;14
481;3
484;14
490;13
492;11
493;11
494;3
496;13
497;13
499;18
500;13
501;13
503;18
504;18
505;3
506;1
507;11
508;19
511;11
512;15
513;1
518;17
519;17
520;17
522;11
523;15
525;14
526;1
528;1
531;12
532;12
534;13
535;13
538;11
540;11
541;1
542;3
543;3
544;13
546;13
549;11
550;3
551;1
552;3
553;3
554;10
555;13
556;1
557;3
559;13
565;3
566;13
567;3
568;1
569;13
570;11
573;13
574;13
575;2
576;12
578;13
584;14
585;1
586;3
587;14
593;11
595;13
596;11
598;1
603;13
604;3
606;13
610;11
612;13
614;14
615;18
616;11
617;13
618;14
624;5
630;13
634;13
637;13
641;13
643;13
645;1
646;14
649;13
650;13
653;11
654;14
656;11
657;1
658;13
659;13
660;11
661;13
662;3
664;1
665;13
667;11
668;12
674;11
681;13
682;3
684;11
686;1
688;13
690;1
691;1
692;14
694;11
695;1
696;15
697;4
699;11
701;18
703;1
704;13
705;13
706;1
707;14
708;1
711;14
713;13
714;3
716;3
717;12
718;1
720;18
722;18
723;19
724;14
725;13
726;13
727;13
728;13
729;13
732;3
733;14
736;13
738;1
739;3
740;13
741;13
744;17
745;3
746;2
749;1
750;1
751;13
753;13
754;14
755;11
756;3
757;1
758;7
759;3
761;13
762;3
763;18
764;3
765;14
766;3
767;13
769;1
774;13
776;14
780;14
784;11
785;11
786;3
789;13
792;14
793;13
794;11
796;12
797;3
798;3
801;13
809;14
810;1
812;1
813;13
814;1
815;11
817;13
818;3
820;13
821;12
822;3
823;13
825;1
826;13
830;3
831;13
832;12
833;15
835;9
836;1
837;12
838;13
840;13
842;13
843;1
844;3
848;1
850;3
851;1
852;3
853;1
854;13
855;13
856;13
859;2
860;1
861;13
863;1
864;1
865;1
866;12
867;3
868;11
869;3
871;13
872;3
874;3
875;13
876;13
877;11
878;13
879;1
882;13
883;1
886;9
890;13
891;3
892;3
893;18
894;11
895;14
896;1
897;11
901;15
904;13
905;1
906;13
907;13
908;3
909;14
911;12
912;13
913;14
914;13
915;18
916;1
917;14
920;3
921;3
922;1
923;1
928;14
930;3
933;13
934;13
935;13
936;2
937;19
938;13
939;14
941;11
943;18
944;13
945;13
946;3
950;13
952;3
955;13
957;12
959;3
961;1
962;1
963;3
965;13
966;13
967;14
970;9
972;13
978;11
979;13
980;19
982;14
985;14
986;3
989;11
991;13
994;13
997;1
999;13
1006;13
1007;11
1010;14
1012;13
1015;1
1018;2
1019;3
1020;11
1021;15
1023;13
1025;13
1026;13
1028;13
1029;15
1030;1
1031;3
1033;13
1034;11
1035;11
1036;11
1038;14
1039;13
1040;12
1041;19
1042;11
1047;10
1049;14
1050;10
1051;13
1056;3
1061;12
1063;12
1064;1
1065;13
1066;13
1067;14
1069;11
1070;1
1071;7
1072;11
1074;18
1075;13
1076;11
1077;14
1080;14
1083;3
1085;13
1086;13
1088;1
1089;1
1091;13
1092;15
1096;14
1097;14
1098;13
1099;13
1101;13
1102;9
1106;1
1107;14
1108;1
1109;3
1111;13
1114;11
1118;12
1120;13
1121;3
1122;13
1126;3
1127;13
1128;13
1129;3
1130;1
1131;9
1133;3
1134;13
1138;13
1140;13
1142;19
1146;1
1150;3
1160;3
1166;18
1167;3
1168;11
1169;3
1170;11
1172;18
1173;12
1174;13
1176;1
1177;10
1178;13
1179;12
1181;3
1182;3
1187;3
1194;11
1195;3
1199;19
1201;13
1204;13
1205;13
1206;13
1207;13
1208;13
1211;13
1216;13
1217;13
1218;3
1219;14
1220;13
1221;13
1223;2
1224;13
1225;13
1226;13
1227;1
1229;13
1230;11
1233;3
1234;15
1238;1
1240;14
1241;13
1242;3
1244;11
1246;11
1249;3
1251;13
1252;12
1255;11
1256;13
1257;14
1258;11
1259;14
1262;11
1265;14
1266;11
1268;13
1269;19
1271;3
1275;1
1277;1
1279;1
1281;13
1282;13
1283;3
1285;1
1286;3
1287;1
1288;3
1291;11
1292;14
1294;14
1295;13
1296;14
1297;11
1298;13
1301;3
1302;11
1303;14
1306;7
1308;10
1311;1
1315;13
1316;13
1317;1
1319;12
1320;11
1322;13
1323;13
1324;13
1326;17
1327;1
1330;1
1332;3
1333;13
1334;13
1335;13
1336;3
1337;13
1338;13
1339;1
1340;3
1345;18
1346;11
1347;14
1348;13
1349;13
1350;13
1351;13
1352;1
1353;3
1354;14
1355;13
1356;3
1358;14
1362;13
1363;3
1364;18
1365;3
1366;14
1368;3
1375;13
1377;13
1378;15
1379;13
1380;3
1382;13
1385;1
1387;14
1392;9
1394;1
1397;12
1398;17
1400;3
1402;11
1404;1
1407;1
1408;1
1410;13
1413;1
1414;14
1415;19
1417;19
1419;13
1421;12
1424;1
1425;1
1426;1
1427;2
1428;3
1430;3
1432;3
1434;13
1436;13
1437;13
1438;13
1439;13
1444;14
1445;1
1446;11
1447;1
1449;1
1450;13
1451;13
1452;1
1457;3
1459;13
1460;13
1461;13
1464;13
1469;13
1471;11
1478;11
1479;13
1480;14
1481;3
1482;11
1483;14
1486;1
1488;1
1490;18
1491;19
1495;3
1497;1
1498;3
1499;13
1500;12
1501;3
1505;13
1506;13
1507;13
1508;13
1509;1
1511;1
1513;13
1515;1
1518;13
1519;17
1520;13
1521;1
1523;13
1524;13
1525;13
1526;13
1527;1
1528;13
1529;3
1530;13
1535;11
1536;13
1537;11
1540;13
1541;14
1543;11
1544;3
1545;3
1546;12
1547;13
1548;14
1552;13
1553;19
1555;12
1556;12
1557;1
1558;13
1560;11
1562;13
1564;13
1566;19
1567;13
1568;13
1569;3
1570;1
3;1
4;13
6;18
11;13
12;1
16;12
17;14
20;11
21;11
31;12
41;1
45;12
49;1
54;11
58;14
59;18
67;13
68;13
69;12
71;11
74;12
78;1
82;1
84;1
86;11
87;3
93;12
94;12
96;9
97;12
100;11
101;1
103;1
106;1
107;12
110;13
113;13
114;13
117;13
125;1
128;1
133;11
136;3
138;1
140;11
146;11
156;1
162;12
164;3
165;3
167;11
174;11
176;13
190;1
194;3
198;13
206;13
208;1
209;13
212;1
217;1
219;11
220;1
225;14
240;11
245;7
246;1
247;3
251;13
254;3
255;14
280;1
281;10
283;13
285;1
287;1
296;1
303;3
304;1
309;1
310;10
311;13
313;13
314;1
317;1
322;1
330;9
331;1
334;1
336;1
341;3
343;1
368;11
376;1
378;1
380;11
381;14
387;11
390;11
393;1
399;12
411;1
413;14
417;1
419;1
421;11
433;14
435;11
437;3
447;1
449;11
460;11
462;1
463;1
465;11
466;1
467;1
474;1
481;1
484;12
492;3
493;3
499;12
503;15
504;15
505;1
507;3
508;14
512;14
518;15
519;15
520;15
523;9
525;13
531;11
538;10
542;1
543;2
550;1
552;1
553;1
554;4
557;1
565;1
567;1
569;11
576;11
584;13
586;2
587;3
593;3
595;11
603;11
614;12
615;12
618;13
654;9
656;10
659;11
662;1
665;11
668;3
682;1
692;13
694;3
696;12
701;14
707;11
711;13
714;1
716;1
720;12
722;14
723;18
724;9
725;11
728;11
729;12
732;2
736;9
739;1
741;11
744;15
745;1
746;1
751;12
753;11
754;13
758;3
759;1
763;12
764;1
765;12
774;11
776;13
780;13
786;1
792;13
797;1
809;11
821;3
822;1
823;11
833;12
837;11
840;11
842;12
844;1
850;1
852;1
854;11
856;11
859;1
861;11
866;11
867;1
869;2
872;1
874;1
878;1
882;12
890;11
891;1
893;13
894;3
895;13
901;14
908;1
909;12
911;11
913;11
915;15
917;13
920;1
921;1
928;13
930;1
935;11
936;1
937;14
939;3
943;11
945;11
946;1
963;1
965;11
967;12
978;3
980;14
982;11
985;13
1010;13
1012;11
1018;1
1019;1
1020;3
1021;9
1025;11
1029;1
1031;1
1035;3
1036;7
1038;13
1040;3
1041;18
1047;4
1049;13
1050;4
1051;11
1056;2
1065;11
1066;11
1067;10
1071;3
1074;12
1075;11
1077;13
1080;13
1083;1
1086;12
1092;9
1096;13
1120;12
1121;1
1126;1
1129;1
1133;1
1138;11
1142;18
1150;1
1166;11
1167;1
1172;11
1173;3
1177;4
1179;3
1181;1
1182;1
1195;1
1199;18
1204;11
1218;1
1219;13
1223;1
1233;1
1234;14
1240;11
1242;1
1249;1
1257;13
1258;10
1259;13
1268;12
1269;13
1283;1
1286;1
1288;1
1291;10
1292;13
1294;12
1295;9
1298;1
1301;1
1303;3
1306;3
1308;3
1316;11
1326;14
1338;12
1340;1
1345;14
1347;13
1353;1
1354;13
1355;11
1356;1
1358;12
1363;1
1364;14
1365;1
1366;11
1378;12
1380;1
1387;11
1398;14
1400;1
1414;11
1415;18
1417;14
1421;11
1427;1
1428;1
1430;1
1432;1
1436;11
1437;12
1439;11
1444;13
1469;11
1479;12
1480;13
1481;1
1482;3
1483;3
1490;12
1491;18
1495;1
1498;1
1500;11
1501;1
1519;15
1529;1
1537;3
1541;13
1544;1
1545;1
1546;11
1553;13
1555;3
1556;3
1562;11
1566;18
1569;1
6;14
16;11
17;11
58;3
59;13
67;11
100;3
107;3
114;11
117;11
176;11
206;11
225;13
245;3
247;1
251;11
281;4
283;1
313;11
341;1
380;3
381;13
413;3
433;13
484;3
503;1
504;13
508;13
512;12
518;14
519;14
520;14
523;1
525;11
538;4
543;1
569;3
586;1
656;4
696;3
701;11
722;13
723;14
725;3
732;1
744;14
754;12
758;1
765;3
774;3
823;3
833;3
840;3
869;1
893;11
901;12
909;3
913;3
915;1
967;3
985;12
1021;1
1036;3
1041;13
1049;12
1051;3
1056;1
1066;3
1067;9
1071;1
1077;1
1092;1
1142;13
1199;14
1234;12
1257;11
1258;4
1291;4
1294;3
1306;1
1308;1
1326;3
1345;13
1358;3
1364;13
1378;3
1415;13
1417;11
1439;3
1491;13
1519;14
1566;13
6;13
225;12
245;1
381;11
433;12
508;11
512;11
518;12
519;12
520;12
722;11
723;13
744;12
754;11
901;3
985;11
1049;11
1067;4
1199;13
1234;3
1519;12
